x1_pca,y1_pca,x2_pca,y2_pca
1.0494402213465253,-1.1816654939191267,1.0540949069687806,-1.1646547076812046
-0.5892412490017127,0.5262184938208204,-1.5413882157585754,0.41827391987939716
1.3360320544391036,0.41787855383857625,1.3577806978456015,0.5132979154362551
