x_pca,y_pca
21.28476334, 31.07663727
-35.78219223, 12.13113689
21.61783791, -8.25380421
-16.759873706666664, 18.446303683333333