x_pca,y_pca
-0.6532556507649643,1.3398792299186268
0.3795864567271715,-1.1721213808475126
-1.105931165448458,-0.21417761990313072
