x_pca,y_pca
1.0494402213465253,-1.1816654939191267
-0.5892412490017127,0.5262184938208204
1.3360320544391036,0.41787855383857625
