x_pca,y_pca
35.471115, 9.91867
-42.950157, 18.364994
20.757994, -11.085826
-11.75706878, 22.47172308
24.23582671, 7.47206184
