x_pca,y_pca
35.471115, 9.91867
-42.950157, 18.364994
20.757994, -11.085826
-36.3422319 ,  40.83671713
-0.3493364 , 25.83705589