x_pca,y_pca
-19.696056,-39.53698
-20.584229,16.699768
17.919254,-2.0355012
