x_pca,y_pca
-0.655021196285037,1.3351818450645931
1.174066832629422,-0.6823216625492916
-1.1502231128998983,-0.28829575315811107
