x_pca,y_pca
1.0540949069687806,-1.1646547076812046
-1.5413882157585754,0.41827391987939716
1.3577806978456015,0.5132979154362551
