x1_mds,y1_mds,x2_mds,y2_mds,distances
10.180722,-23.177496,2.5975304,8.2126465,0.7070985183781423
15.173159,-1.2219259,-19.222664,30.672047,0.7071150438984
