x1_pca,y1_pca,x2_pca,y2_pca,distances
-0.6281137900901517,-0.05700839528179266,-0.6862663157005489,-0.07068727248960886,0.6727874957010622
2.332799027793566,0.2666958548887606,2.346511972927969,0.24169703136480586,0.7398357828790745
