x1_pca,y1_pca,x2_pca,y2_pca,distances
-0.016984039945415873,0.5184236248515263,-0.05857309221109898,0.52114812637058,0.08394314541105824
0.012537755890597342,0.42037686072165187,0.034784200261210804,-0.023480322557880563,0.9964705456452279
