x1_pca,y1_pca,x2_pca,y2_pca,distances
0.018725822086870344,-0.5187187939868944,0.07198572291813007,-0.5294066519472423,0.08394314541105824
-0.016406854823930027,-0.32174984747151353,-0.04381404078969799,0.32222284784351546,0.9964705456452279
