x1_pca,y1_pca,x2_pca,y2_pca,distances
0.015698643457281,-0.6496180934588903,0.06836519459321193,-0.6476782152616459,0.08394314541105824
-0.02471791593176024,-0.649231009252793,-0.29706873152471586,-0.6029294409424887,0.9964705456452279
