x1_pca,y1_pca,x2_pca,y2_pca,distances
-0.6281561144341409,-0.05742207852126262,-0.6862456695175835,-0.07066771142390153,0.6727874957010622
2.3328060705235005,0.2674317509291305,2.346441378591025,0.24163014730852134,0.7398357828790745
