x1_pca,y1_pca,x2_pca,y2_pca,distances
0.018725822086870472,-0.5187187939868951,0.07198572291813068,-0.5294066519472428,0.08394314541105824
-0.01640685482393009,-0.32174984747151353,-0.04381404078969867,0.322222847843516,0.9964705456452279
