x1_pca,y1_pca,x2_pca,y2_pca,distances
0.0013011754869688115,-0.46167935664906923,0.019231702772954384,-0.48146897930830695,0.049110283739166954
-0.022963705311061917,-0.2584548315239698,-0.011328542304209894,0.28361200069758397,0.9987933620279313
