x1_pca,y1_pca,x2_pca,y2_pca,distances
-0.6281006160651035,-0.05724625866502579,-0.6862853982276611,-0.07074457859629645,0.6727874957010622
2.3328026858903566,0.26742699037782197,2.34657722074404,0.241892974925473,0.7398357828790745
