x1_pca,y1_pca,x2_pca,y2_pca,distances
-0.13210928925503548,1.4850345719833,0.21776979115529932,1.328556142645502,0.6831380836887868
0.6233120116675344,-1.4402068175813934,0.9828999028771992,-1.1322841238756454,0.7172846888918011
-1.4349669296436192,-0.29852399336322305,-1.454808007872257,-0.34406568696280176,0.13720435013294663
