x1_pca,y1_pca,x2_pca,y2_pca,distances
-1.0929591500951386,-1.4825140679247284,-1.3263228819820552,-1.097270733643688,0.9601229250404268
0.849656280580176,0.9310816272128676,0.9130591718481631,0.755376478053922,0.2795781980266253
