x1_pca,y1_pca,x2_pca,y2_pca,distances
-0.5824518702121445,0.15789663913327898,-0.7216760955718933,1.1031851815105391,0.8073894604633814
-0.5310952147681238,-0.04797547302807109,-0.48882350781245604,-0.14728309340143364,0.305520611332916
0.935791484674598,-0.13843104959959554,1.1216428706224166,-0.3779059293778869,0.4592762222814865
0.1746548576890873,-0.25948783260231445,0.0909522649217577,-0.34941256088202005,0.2093914201448042
