x1_pca,y1_pca,x2_pca,y2_pca,distances
1.010765975255481,-0.36046311570120754,0.8519550775506195,-0.7242601807726696,0.9845997816084693
-1.0796934394526905,1.0204777742854407,-1.1461458152673196,0.9743562744457336,0.17482353976668788
