x1_pca,y1_pca,x2_pca,y2_pca,distances
1.2910361802463575,-0.9737111159415347,1.3324386247219697,-0.9591083262473009,0.16153813571923545
-0.6287483833235086,0.5661925056334507,-0.945454741687685,0.6805518078041787,0.9868664705563533
