x1_pca,y1_pca,x2_pca,y2_pca,distances
-1.0279598933312073,-1.5141279712925308,-1.01967995220364,-1.503313453623386,0.04418625519645633
0.7073331861632216,1.0155469827374142,1.6132776196600296,0.5505918620876571,0.9970596124251151
-1.492319610132584,0.5798918176491011,-1.5038308220123997,0.6406997078521457,0.06260754045953998
