x1_pca,y1_pca,x2_pca,y2_pca,distances
1.918308709038091,-0.5933845896583047,1.9067022041525734,-0.6174727135918546,0.08902090088831899
-0.26133772101730895,0.14237442303379816,-1.0854260134085072,0.04235081819487149,0.7667574525244659
0.575901127922653,-0.805756233620028,0.028497220744261878,-0.8767855418483045,0.473182868267278
-0.04556979578070222,1.4782783057216327,-0.4610320374849448,1.4021697354705185,0.4245659682329418
