x1_pca,y1_pca,x2_pca,y2_pca,distances
1.9939666745227818,-0.5783308964738453,2.092327710794752,-0.6275502665357007,0.07659411947272332
0.09258595861636272,0.3991924369522547,-0.6270264515300719,0.32965923771070743,0.4857594415902652
0.6549497163364915,-0.9435705058131967,-0.2762315356791718,-1.0993902996589178,0.6791095748153724
-0.017390896899828256,1.416650366557602,-0.7464606917317254,1.253236705411012,0.5449598986734678
