x1_pca,y1_pca,x2_pca,y2_pca,distances
0.35457303773898446,0.5002285069750765,0.7633137932104834,0.35066403035697036,0.5389006340958364
-1.2466173486781296,-0.3017103677500335,-1.2918144643840213,-0.5934556280570444,0.8423693409491501
