x1_pca,y1_pca,x2_pca,y2_pca,distances
-1.140162448857372,-0.09330026807538534,-1.2404954384699138,-0.12868202974999987,0.07936942573971753
-1.1804211488685,-1.339336425245477,-1.1401184214164546,-1.3937745628282332,0.05422811812080228
0.24936390120385893,0.38677120069761234,1.665792713892939,0.14723163078070942,0.9863914249402775
-0.6552408751264008,1.1146087805235518,-0.6679884189842907,1.2546115844744232,0.13338576485934572
