x1_pca,y1_pca,x2_pca,y2_pca,distances
-2.133132002360989,-0.526838420581838,-2.225651107993229,-0.5609561549099962,0.07184760616870205
0.2559307438256463,0.05360219482057087,1.6470862947993268,0.03648394191977358,0.9646255942767199
-0.8517907497988745,-0.7861899550582773,-0.5279183435831564,-0.8593788968598495,0.2180670961856391
-0.13835300175169105,1.3043029945509539,0.00020350219089394772,1.3261849563785326,0.12954584483986803
