x1_pca,y1_pca,x2_pca,y2_pca,distances
-0.06194309238082674,-0.541846695901696,-0.6377957889346835,-0.4186951217873082,0.7212327038252643
1.417776927656492,0.8746396737017864,1.5104624080802314,0.9915763836613718,0.6926928517986155
