x1_pca,y1_pca,x2_pca,y2_pca,distances
-0.29617496685155464,-0.4118967406312837,-0.8101705619979387,-0.1068132631562435,0.9767813190922929
1.6229794160335764,0.39152999674749367,1.704271818751317,0.4943810503179265,0.2142387795715811
