x1_pca,y1_pca,x2_pca,y2_pca,distances
-0.061943092380826535,-0.5418466959017061,-0.6377957889346813,-0.4186951217873117,0.7212327038252643
1.4177769276564882,0.874639673701778,1.510462408080226,0.9915763836613799,0.6926928517986155
