x1_pca,y1_pca,x2_pca,y2_pca,distances
-0.3227128604511304,0.7258944143589467,-0.3130298963839315,0.7248276532699528,0.09012483657522394
0.9931005850951182,-0.13290024479662305,0.9759779372026841,-0.026621094685366897,0.9959304764049995
