x1_pca,y1_pca,x2_pca,y2_pca,distances
1.6781137758981213,-0.10622050551997197,-0.4636107045601292,-0.3596828872054948,0.036787388890125186
-0.8541925383025921,0.21458984820274604,0.481019089463098,0.0980767136755303,0.9953626596124657
0.3334162037715371,-1.3679973341058924,-0.41393051629626954,0.355622134508478,0.08888117836665713
