x1_pca,y1_pca,x2_pca,y2_pca,distances
0.23497596345868696,-0.3898144165639294,0.5614988054192327,-0.2789583580277272,1.0
-0.613662633253269,0.13054867605991088,-0.5614936793006893,0.27931957978311656,0.0
