x1_pca,y1_pca,x2_pca,y2_pca,distances
-0.1844884504395998,0.417185458169443,-0.5925574873927036,0.2052669884659552,1.0
0.592416669213825,-0.2053515772469212,0.5925574873927034,-0.2052669884659552,0.0
