x1_pca,y1_pca,x2_pca,y2_pca,distances
3.5132808341611446,1.5056452068832236,3.3721447944732175,1.2139575275903551,0.5120331057647546
-2.200245454134914,-0.5040446832524922,-1.699265451988069,-0.611728206391386,0.8589657144501751
