x1_pca,y1_pca,x2_pca,y2_pca,distances
40.858356,15.882776,-0.4636107045601283,-0.3596828872054963,0.036787388890125186
16.94682,-42.936733,0.481019089463097,0.09807671367552706,0.9953626596124657
-11.682438,19.916859,-0.4139305162962691,0.3556221345084788,0.08888117836665713
