x1_pca,y1_pca,x2_pca,y2_pca,distances
-20.403631,7.7078032,37.58273,22.93683,0.036787388890125186
25.081125,33.414776,38.82287,-38.46715,0.9953626596124657
32.73444,-25.72219,-21.499311,-8.994967,0.08888117836665713
