x1_pca,y1_pca,x2_pca,y2_pca,distances
0.0028809386,3.9634178,0.14508572,-5.1565585,0.036787388890125186
-1.9877126,-4.6266856,-11.530475,2.416624,0.9953626596124657
-0.9042306,-0.26910904,1.4847729,-0.32688755,0.08888117836665713
