x1_pca,y1_pca,x2_pca,y2_pca,distances
-0.9314119912013021,0.18844688668017257,-0.921873600936367,0.19051623807604473,0.09012483657522394
0.5893617722906417,-0.20669922597813462,0.539300923884633,-0.11145300516803536,0.9959304764049995
