x1_pca,y1_pca,x2_pca,y2_pca,distances
-0.6312836251929738,0.05914761138954106,-0.6284161188606696,0.05137793444059651,0.09012483657522394
0.4808110861491368,-0.19867956417538107,0.4438168367751425,-0.229047926515064,0.9959304764049995
