x1_pca,y1_pca,x2_pca,y2_pca,distances
3.5132808341735493,1.5056452066420478,3.3721447944760494,1.2139575276153713,0.5120331057647552
-2.2002454541257297,-0.504044683331548,-1.6992654519894956,-0.6117282064039923,0.8589657144501748
