x1_pca,y1_pca,x2_pca,y2_pca,distances
-0.20094419149417272,-0.37177585544910197,-0.47964667557269347,-0.19839906255223014,1.0
0.48253220631670524,-0.19525380370336495,0.48261838466368995,-0.19620752441187675,0.0
