x1_pca,y1_pca,x2_pca,y2_pca,distances
0.45840622632362327,0.7048996875912672,0.0039611224819811304,0.6339034085230694,1.0
0.9967069707364645,-0.13257642190277605,0.9967069707364645,-0.13257642190277605,0.0
