x1_pca,y1_pca,x2_pca,y2_pca,distances
-0.1844884504395998,0.41718545816944286,-0.5925574873927041,0.20526698846595517,1.0
0.5924166692138245,-0.20535157724692116,0.5925574873927038,-0.2052669884659549,0.0
